{
  "count": 2,
  "value": [
    {
      "id": 9837,
      "rev": 4,
      "fields": {
        "System.AreaPath": "Template Sigma",
        "System.TeamProject": "Template Sigma",
        "System.IterationPath": "$ProjectName$\\Sprint 1",
        "System.WorkItemType": "Task",
        "System.State": "To Do",
        "System.Reason": "Moved out of state Doing",
        "System.CreatedDate": "2020-05-21T19:16:41.377Z",
        "System.CreatedBy": "Medina Andrade, Cesar Francisco <cmedinaa@sigma-alimentos.com>",
        "System.ChangedDate": "2020-05-21T19:16:58.09Z",
        "System.ChangedBy": "Medina Andrade, Cesar Francisco <cmedinaa@sigma-alimentos.com>",
        "System.Title": "Tarea Prueba 2",
        "Microsoft.VSTS.Scheduling.Effort": 0.0,
        "System.Description": null,
        "System.AssignedTo": null,
        "Microsoft.VSTS.Scheduling.RemainingWork": 0.0,
        "Microsoft.VSTS.Common.Priority": 1.0,
        "System.BoardLane": null,
        "System.Tags": null,
        "Microsoft.VSTS.TCM.Steps": null,
        "Microsoft.VSTS.TCM.Parameters": null,
        "Microsoft.VSTS.TCM.LocalDataSource": null,
        "Microsoft.VSTS.TCM.AutomationStatus": null,
        "System.History": null
      },
      "relations": [
        {
          "rel": "System.LinkTypes.Hierarchy-Reverse",
          "url": "https://dev.azure.com/sigma-alimentos/_apis/wit/workItems/9833",
          "attributes": {
            "isLocked": "false",
            "name": "Parent"
          }
        }
      ],
      "url": "https://dev.azure.com/sigma-alimentos/_apis/wit/workItems/9837"
    },
    {
      "id": 9835,
      "rev": 1,
      "fields": {
        "System.AreaPath": "Template Sigma",
        "System.TeamProject": "Template Sigma",
        "System.IterationPath": "$ProjectName$\\Sprint 1",
        "System.WorkItemType": "Task",
        "System.State": "To Do",
        "System.Reason": "New task",
        "System.CreatedDate": "2020-05-21T19:16:34.627Z",
        "System.CreatedBy": "Medina Andrade, Cesar Francisco <cmedinaa@sigma-alimentos.com>",
        "System.ChangedDate": "2020-05-21T19:16:34.627Z",
        "System.ChangedBy": "Medina Andrade, Cesar Francisco <cmedinaa@sigma-alimentos.com>",
        "System.Title": "Tarea prueba 1",
        "Microsoft.VSTS.Scheduling.Effort": 0.0,
        "System.Description": null,
        "System.AssignedTo": null,
        "Microsoft.VSTS.Scheduling.RemainingWork": 0.0,
        "Microsoft.VSTS.Common.Priority": 2.0,
        "System.BoardLane": null,
        "System.Tags": null,
        "Microsoft.VSTS.TCM.Steps": null,
        "Microsoft.VSTS.TCM.Parameters": null,
        "Microsoft.VSTS.TCM.LocalDataSource": null,
        "Microsoft.VSTS.TCM.AutomationStatus": null,
        "System.History": null
      },
      "relations": [
        {
          "rel": "System.LinkTypes.Hierarchy-Reverse",
          "url": "https://dev.azure.com/sigma-alimentos/_apis/wit/workItems/9833",
          "attributes": {
            "isLocked": "false",
            "name": "Parent"
          }
        }
      ],
      "url": "https://dev.azure.com/sigma-alimentos/_apis/wit/workItems/9835"
    }
  ],
  "HttpStatusCode": 0,
  "Message": null
}