{
  "count": 1,
  "value": [
    {
      "id": 9833,
      "rev": 2,
      "fields": {
        "System.AreaPath": "Template Sigma",
        "System.TeamProject": "Template Sigma",
        "System.IterationPath": "$ProjectName$\\Sprint 1",
        "System.WorkItemType": "User Story",
        "System.State": "To Do",
        "System.Reason": "Moved to state To Do",
        "System.CreatedDate": "2020-05-21T19:16:13.49Z",
        "System.CreatedBy": "Medina Andrade, Cesar Francisco <cmedinaa@sigma-alimentos.com>",
        "System.ChangedDate": "2020-05-21T19:16:27.09Z",
        "System.ChangedBy": "Medina Andrade, Cesar Francisco <cmedinaa@sigma-alimentos.com>",
        "System.Title": "Historia Prueba",
        "Microsoft.VSTS.Scheduling.Effort": 0.0,
        "System.Description": null,
        "System.AssignedTo": null,
        "Microsoft.VSTS.Scheduling.RemainingWork": 0.0,
        "Microsoft.VSTS.Common.Priority": 0.0,
        "System.BoardLane": null,
        "System.Tags": null,
        "Microsoft.VSTS.TCM.Steps": null,
        "Microsoft.VSTS.TCM.Parameters": null,
        "Microsoft.VSTS.TCM.LocalDataSource": null,
        "Microsoft.VSTS.TCM.AutomationStatus": null,
        "System.History": null
      },
      "relations": [
        {
          "rel": "System.LinkTypes.Hierarchy-Forward",
          "url": "https://dev.azure.com/sigma-alimentos/_apis/wit/workItems/9835",
          "attributes": {
            "isLocked": "false",
            "name": "Child"
          }
        },
        {
          "rel": "System.LinkTypes.Hierarchy-Forward",
          "url": "https://dev.azure.com/sigma-alimentos/_apis/wit/workItems/9837",
          "attributes": {
            "isLocked": "false",
            "name": "Child"
          }
        }
      ],
      "url": "https://dev.azure.com/sigma-alimentos/_apis/wit/workItems/9833"
    }
  ],
  "HttpStatusCode": 0,
  "Message": null
}